 Org Code , Region , Org Name ,  VTE Risk Assessed Admissions  ,  Total Admissions  ,Percent of admitted patients risk-assessed for VTE, VTE Risk Assessed Admissions ,  Total Admissions  .1,Percent of admitted patients risk-assessed for VTE.1, VTE Risk Assessed Admissions .1,  Total Admissions  .2,Percent of admitted patients risk-assessed for VTE.2,  VTE Risk Assessed Admissions  .1,  Total Admissions  .3,Percent of admitted patients risk-assessed for VTE.3,Assessed,Admissions
 REM , NORTH WEST ,AINTREE UNIVERSITY HOSPITAL NHS FOUNDATION TRUST,"7,916","8,574",92.33%,"8,605","9,292",92.61%,"8,358","8,921",93.69%,"24,879","26,787",92.88%,7916.0,8574.0
 RCF , NORTH EAST AND YORKSHIRE ,AIREDALE NHS FOUNDATION TRUST,"4,732","4,948",95.63%,"4,894","5,097",96.02%,"4,427","4,725",93.69%,"14,053","14,77",95.15%,4732.0,4948.0
 RTK , SOUTH EAST ,ASHFORD AND ST PETER'S HOSPITALS NHS FOUNDATION TRUST,"5,736","5,843",98.17%,"5,933","6,09",97.42%,"5,665","5,786",97.91%,"17,334","17,719",97.83%,5736.0,5843.0
 RF4 , LONDON ,"BARKING, HAVERING AND REDBRIDGE UNIVERSITY HOSPITALS NHS TRUST","10,619","11,079",95.85%,"10,881","11,315",96.16%,"10,77","11,15",96.59%,"32,27","33,544",96.20%,10619.0,11079.0
 RFF , NORTH EAST AND YORKSHIRE ,BARNSLEY HOSPITAL NHS FOUNDATION TRUST,"5,896","6,009",98.12%,"5,843","5,948",98.23%,"5,761","5,851",98.46%,"17,5","17,808",98.27%,5896.0,6009.0
 R1H , LONDON ,BARTS HEALTH NHS TRUST,"31,869","32,206",98.95%,"34,042","34,356",99.09%,"32,03","32,376",98.93%,"97,941","98,938",98.99%,31869.0,32206.0
 RDD , EAST OF ENGLAND ,BASILDON AND THURROCK UNIVERSITY HOSPITALS NHS FOUNDATION TRUST,"7,82","8,162",95.81%,"8,134","8,465",96.09%,"7,886","8,187",96.32%,"23,84","24,814",96.07%,782.0,8162.0
 RC1 , EAST OF ENGLAND ,BEDFORD HOSPITAL NHS TRUST,"4,727","4,842",97.62%,"4,771","4,891",97.55%,"4,781","4,906",97.45%,"14,279","14,639",97.54%,4727.0,4842.0
 RXL , NORTH WEST ,BLACKPOOL TEACHING HOSPITALS NHS FOUNDATION TRUST,"2,385","3,332",71.58%,"2,359","3,494",67.52%,"2,3","3,272",70.29%,"7,044","10,098",69.76%,2385.0,3332.0
 RMC , NORTH WEST ,BOLTON NHS FOUNDATION TRUST,"5,427","5,574",97.36%,"5,706","5,92",96.39%,"5,51","5,698",96.70%,"16,643","17,192",96.81%,5427.0,5574.0
 RAE , NORTH EAST AND YORKSHIRE ,BRADFORD TEACHING HOSPITALS NHS FOUNDATION TRUST,"9,814","10,242",95.82%,"10,16","10,611",95.75%,"9,503","9,971",95.31%,"29,477","30,824",95.63%,9814.0,10242.0
 RXH , SOUTH EAST ,BRIGHTON AND SUSSEX UNIVERSITY HOSPITALS NHS TRUST,"8,188","9,072",90.26%,"8,378","9,266",90.42%,"9,028","9,855",91.61%,"25,594","28,193",90.78%,8188.0,9072.0
 RXQ , SOUTH EAST ,BUCKINGHAMSHIRE HEALTHCARE NHS TRUST,"4,487","4,924",91.13%,"4,914","5,38",91.34%,"4,669","5,072",92.05%,"14,07","15,376",91.51%,4487.0,4924.0
 RWY , NORTH EAST AND YORKSHIRE ,CALDERDALE AND HUDDERSFIELD NHS FOUNDATION TRUST,"8,278","8,624",95.99%,"8,321","8,649",96.21%,"7,372","7,704",95.69%,"23,971","24,977",95.97%,8278.0,8624.0
 RGT , EAST OF ENGLAND ,CAMBRIDGE UNIVERSITY HOSPITALS NHS FOUNDATION TRUST,"14,815","15,333",96.62%,"15,246","15,813",96.41%,"14,421","15,002",96.13%,"44,482","46,148",96.39%,14815.0,15333.0
 RT1 , EAST OF ENGLAND ,CAMBRIDGESHIRE AND PETERBOROUGH NHS FOUNDATION TRUST,117,118,99.15%,113,114,99.12%,101,101,100.00%,331,333,99.40%,117.0,118.0
 RQM , LONDON ,CHELSEA AND WESTMINSTER HOSPITAL NHS FOUNDATION TRUST,"5,603","7,571",74.01%,"6,001","7,731",77.62%,"6,016","7,549",79.69%,"17,62","22,851",77.11%,5603.0,7571.0
 RFS , MIDLANDS ,CHESTERFIELD ROYAL HOSPITAL NHS FOUNDATION TRUST,"5,958","6,11",97.51%,"6,341","6,466",98.07%,"6,01","6,137",97.93%,"18,309","18,713",97.84%,5958.0,611.0
 RJR , NORTH WEST ,COUNTESS OF CHESTER HOSPITAL NHS FOUNDATION TRUST,"6,378","6,811",93.64%,"6,608","7,085",93.27%,"6,09","6,524",93.35%,"19,076","20,42",93.42%,6378.0,6811.0
 RXP , NORTH EAST AND YORKSHIRE ,COUNTY DURHAM AND DARLINGTON NHS FOUNDATION TRUST,"8,673","9,091",95.40%,"8,753","9,108",96.10%,"8,938","9,158",97.60%,"26,364","27,357",96.37%,8673.0,9091.0
 RJ6 , LONDON ,CROYDON HEALTH SERVICES NHS TRUST,"4,126","4,325",95.40%,"4,632","4,806",96.38%,"4,505","4,711",95.63%,"13,263","13,842",95.82%,4126.0,4325.0
 RN7 , SOUTH EAST ,DARTFORD AND GRAVESHAM NHS TRUST,"5,792","6,064",95.51%,"5,995","6,278",95.49%,"5,571","5,889",94.60%,"17,358","18,231",95.21%,5792.0,6064.0
 RY8 , MIDLANDS ,DERBYSHIRE COMMUNITY HEALTH SERVICES NHS FOUNDATION TRUST,416,416,100.00%,558,558,100.00%,454,455,99.78%,"1,428","1,429",99.93%,416.0,416.0
 RP5 , NORTH EAST AND YORKSHIRE ,DONCASTER AND BASSETLAW TEACHING HOSPITALS NHS FOUNDATION TRUST,"8,847","9,153",96.66%,"9,204","9,688",95.00%,"8,733","9,19",95.03%,"26,784","28,031",95.55%,8847.0,9153.0
 RBD , SOUTH WEST ,DORSET COUNTY HOSPITAL NHS FOUNDATION TRUST,"7,519","8,278",90.83%,"8,101","8,762",92.46%,"7,622","8,278",92.08%,"23,242","25,318",91.80%,7519.0,8278.0
 RJN , NORTH WEST ,EAST CHESHIRE NHS TRUST,"2,257","2,408",93.73%,"2,564","2,692",95.25%,"2,321","2,438",95.20%,"7,142","7,538",94.75%,2257.0,2408.0
 RVV , SOUTH EAST ,EAST KENT HOSPITALS UNIVERSITY NHS FOUNDATION TRUST,"12,556","13,347",94.07%,"13,436","14,332",93.75%,"13,008","13,764",94.51%,39,"41,443",94.11%,12556.0,13347.0
 RXR , NORTH WEST ,EAST LANCASHIRE HOSPITALS NHS TRUST,"11,147","11,369",98.05%,"11,922","12,098",98.55%,"11,211","11,428",98.10%,"34,28","34,895",98.24%,11147.0,11369.0
 RDE , EAST OF ENGLAND ,EAST SUFFOLK AND NORTH ESSEX NHS FOUNDATION TRUST,"13,615","14,199",95.89%,"14,097","14,624",96.40%,"13,399","13,875",96.57%,"41,111","42,698",96.28%,13615.0,14199.0
 RXC , SOUTH EAST ,EAST SUSSEX HEALTHCARE NHS TRUST,"8,161","8,491",96.11%,"8,457","8,806",96.04%,"8,288","8,682",95.46%,"24,906","25,979",95.87%,8161.0,8491.0
 RVR , LONDON ,EPSOM AND ST HELIER UNIVERSITY HOSPITALS NHS TRUST,"7,473","8,182",91.33%,"7,778","8,551",90.96%,"7,495","8,24",90.96%,"22,746","24,973",91.08%,7473.0,8182.0
 R1L , EAST OF ENGLAND ,ESSEX PARTNERSHIP UNIVERSITY NHS FOUNDATION TRUST,105,105,100.00%,103,103,100.00%,95,95,100.00%,303,303,100.00%,105.0,105.0
 RDU , SOUTH EAST ,FRIMLEY HEALTH NHS FOUNDATION TRUST,"13,307","13,755",96.74%,"12,615","13,074",96.49%,"12,397","12,78",97.00%,"38,319","39,609",96.74%,13307.0,13755.0
 RR7 , NORTH EAST AND YORKSHIRE ,GATESHEAD HEALTH NHS FOUNDATION TRUST,"4,498","4,57",98.42%,"4,758","4,855",98.00%,"4,387","4,46",98.36%,"13,643","13,885",98.26%,4498.0,457.0
 RLT , MIDLANDS ,GEORGE ELIOT HOSPITAL NHS TRUST,"3,069","3,338",91.94%,"2,874","3,166",90.78%,"2,895","3,089",93.72%,"8,838","9,593",92.13%,3069.0,3338.0
 RTE , SOUTH WEST ,GLOUCESTERSHIRE HOSPITALS NHS FOUNDATION TRUST,"11,729","12,294",95.40%,"11,239","12,69",88.57%,"11,395","11,893",95.81%,"34,363","36,877",93.18%,11729.0,12294.0
 RN3 , SOUTH WEST ,GREAT WESTERN HOSPITALS NHS FOUNDATION TRUST,"7,294","7,324",99.59%,"7,527","7,579",99.31%,"7,349","7,384",99.53%,"22,17","22,287",99.48%,7294.0,7324.0
 RJ1 , LONDON ,GUY'S AND ST THOMAS' NHS FOUNDATION TRUST,"22,555","23,254",96.99%,"23,668","24,483",96.67%,"22,039","22,845",96.47%,"68,262","70,582",96.71%,22555.0,23254.0
 RN5 , SOUTH EAST ,HAMPSHIRE HOSPITALS NHS FOUNDATION TRUST,"9,687","9,909",97.76%,"9,876","10,138",97.42%,"9,383","9,689",96.84%,"28,946","29,736",97.34%,9687.0,9909.0
 RCD , NORTH EAST AND YORKSHIRE ,HARROGATE AND DISTRICT NHS FOUNDATION TRUST,"4,531","4,678",96.86%,"4,666","4,799",97.23%,"4,306","4,482",96.07%,"13,503","13,959",96.73%,4531.0,4678.0
 RQX , LONDON ,HOMERTON UNIVERSITY HOSPITAL NHS FOUNDATION TRUST,"2,359","2,452",96.21%,"2,476","2,594",95.45%,"2,362","2,486",95.01%,"7,197","7,532",95.55%,2359.0,2452.0
 RWA , NORTH EAST AND YORKSHIRE ,HULL UNIVERSITY TEACHING HOSPITALS NHS TRUST,"10,982","11,817",92.93%,"11,169","12,034",92.81%,"10,647","11,558",92.12%,"32,798","35,409",92.63%,10982.0,11817.0
 RYJ , LONDON ,IMPERIAL COLLEGE HEALTHCARE NHS TRUST,"15,419","16,423",93.89%,"16,3","17,344",93.98%,"15,388","16,309",94.35%,"47,107","50,076",94.07%,15419.0,16423.0
 R1F , SOUTH EAST ,ISLE OF WIGHT NHS TRUST,"2,571","2,597",99.00%,"2,417","2,451",98.61%,"2,43","2,471",98.34%,"7,418","7,519",98.66%,2571.0,2597.0
 RGP , EAST OF ENGLAND ,JAMES PAGET UNIVERSITY HOSPITALS NHS FOUNDATION TRUST,"4,902","5,022",97.61%,"5,158","5,289",97.52%,"4,724","4,85",97.40%,"14,784","15,161",97.51%,4902.0,5022.0
 RNQ , MIDLANDS ,KETTERING GENERAL HOSPITAL NHS FOUNDATION TRUST,"7,144","7,22",98.95%,"7,793","7,861",99.13%,"6,944","7,02",98.92%,"21,881","22,101",99.00%,7144.0,722.0
 RJZ , LONDON ,KING'S COLLEGE HOSPITAL NHS FOUNDATION TRUST,"21,922","22,438",97.70%,"22,901","23,422",97.78%,"21,861","22,298",98.04%,"66,684","68,158",97.84%,21922.0,22438.0
 RAX , LONDON ,KINGSTON HOSPITAL NHS FOUNDATION TRUST,"5,953","6,212",95.83%,"6,428","6,545",98.21%,"6,348","6,484",97.90%,"18,729","19,241",97.34%,5953.0,6212.0
 RXN , NORTH WEST ,LANCASHIRE TEACHING HOSPITALS NHS FOUNDATION TRUST,"17,957","18,795",95.54%,"18,662","19,527",95.57%,"16,835","17,515",96.12%,"53,454","55,837",95.73%,17957.0,18795.0
 RR8 , NORTH EAST AND YORKSHIRE ,LEEDS TEACHING HOSPITALS NHS TRUST,"14,506","15,554",93.26%,"15,234","16,189",94.10%,"14,629","15,539",94.14%,"44,369","47,282",93.84%,14506.0,15554.0
 RJ2 , LONDON ,LEWISHAM AND GREENWICH NHS TRUST,"9,008","9,262",97.26%,"9,071","9,662",93.88%,"9,143","9,515",96.09%,"27,222","28,439",95.72%,9008.0,9262.0
 RY5 , MIDLANDS ,LINCOLNSHIRE COMMUNITY HEALTH SERVICES NHS TRUST,32,33,96.97%,32,34,94.12%,23,23,100.00%,87,90,96.67%,32.0,33.0
 RBQ , NORTH WEST ,LIVERPOOL HEART AND CHEST HOSPITAL NHS FOUNDATION TRUST,982,"1,016",96.65%,"1,033","1,076",96.00%,991,"1,026",96.59%,"3,006","3,118",96.41%,982.0,1016.0
 REP , NORTH WEST ,LIVERPOOL WOMEN'S NHS FOUNDATION TRUST,960,"1,004",95.62%,"1,229","1,264",97.23%,"1,176","1,216",96.71%,"3,365","3,484",96.58%,960.0,1004.0
 R1K , LONDON ,LONDON NORTH WEST UNIVERSITY HEALTHCARE NHS TRUST,"10,979","11,402",96.29%,"11,093","11,546",96.08%,"10,946","11,327",96.64%,"33,018","34,275",96.33%,10979.0,11402.0
 RC9 , EAST OF ENGLAND ,LUTON AND DUNSTABLE UNIVERSITY HOSPITAL NHS FOUNDATION TRUST,"8,517","8,548",99.64%,"8,657","8,739",99.06%,"8,384","8,477",98.90%,"25,558","25,764",99.20%,8517.0,8548.0
 RWF , SOUTH EAST ,MAIDSTONE AND TUNBRIDGE WELLS NHS TRUST,"10,668","11,004",96.95%,"11,289","11,663",96.79%,"10,347","10,685",96.84%,"32,304","33,352",96.86%,10668.0,11004.0
 R0A , NORTH WEST ,MANCHESTER UNIVERSITY NHS FOUNDATION TRUST,"19,466","20,475",95.07%,"20,409","21,465",95.08%,"18,877","19,867",95.02%,"58,752","61,807",95.06%,19466.0,20475.0
 RPA , SOUTH EAST ,MEDWAY NHS FOUNDATION TRUST,"2,363","2,483",95.17%,"2,331","2,516",92.65%,"2,249","2,489",90.36%,"6,943","7,488",92.72%,2363.0,2483.0
 RBT , NORTH WEST ,MID CHESHIRE HOSPITALS NHS FOUNDATION TRUST,"5,204","5,4",96.37%,"5,531","5,787",95.58%,"5,371","5,536",97.02%,"16,106","16,723",96.31%,5204.0,54.0
 RQ8 , EAST OF ENGLAND ,MID ESSEX HOSPITAL SERVICES NHS TRUST,"5,367","6,426",83.52%,"5,54","6,615",83.75%,"5,767","6,579",87.66%,"16,674","19,62",84.98%,5367.0,6426.0
 RXF , NORTH EAST AND YORKSHIRE ,MID YORKSHIRE HOSPITALS NHS TRUST,"10,198","11,231",90.80%,"10,139","11,627",87.20%,"9,875","11,046",89.40%,"30,212","33,904",89.11%,10198.0,11231.0
 RD8 , EAST OF ENGLAND ,MILTON KEYNES UNIVERSITY HOSPITAL NHS FOUNDATION TRUST,"4,563","4,643",98.28%,"4,942","5,045",97.96%,"4,671","4,772",97.88%,"14,176","14,46",98.04%,4563.0,4643.0
 RP6 , LONDON ,MOORFIELDS EYE HOSPITAL NHS FOUNDATION TRUST,"2,89","2,944",98.17%,"3,216","3,26",98.65%,"3,086","3,143",98.19%,"9,192","9,347",98.34%,289.0,2944.0
 RM1 , EAST OF ENGLAND ,NORFOLK AND NORWICH UNIVERSITY HOSPITALS NHS FOUNDATION TRUST,"16,114","16,325",98.71%,"16,941","17,149",98.79%,"16,108","16,309",98.77%,"49,163","49,783",98.75%,16114.0,16325.0
 RY3 , EAST OF ENGLAND ,NORFOLK COMMUNITY HEALTH AND CARE NHS TRUST,204,205,99.51%,219,223,98.21%,191,198,96.46%,614,626,98.08%,204.0,205.0
 RVJ , SOUTH WEST ,NORTH BRISTOL NHS TRUST,"15,936","16,597",96.02%,"16,732","17,396",96.18%,"15,682","16,349",95.92%,"48,35","50,342",96.04%,15936.0,16597.0
 RNL , NORTH EAST AND YORKSHIRE ,NORTH CUMBRIA UNIVERSITY HOSPITALS NHS TRUST,"3,007","3,119",96.41%,"3,058","3,175",96.31%,"2,869","2,977",96.37%,"8,934","9,271",96.37%,3007.0,3119.0
 RAP , LONDON ,NORTH MIDDLESEX UNIVERSITY HOSPITAL NHS TRUST,"5,078","5,412",93.83%,"5,286","5,743",92.04%,"4,434","4,872",91.01%,"14,798","16,027",92.33%,5078.0,5412.0
 RVW , NORTH EAST AND YORKSHIRE ,NORTH TEES AND HARTLEPOOL NHS FOUNDATION TRUST,"6,051","6,193",97.71%,"7,313","7,527",97.16%,"5,025","5,15",97.57%,"18,389","18,87",97.45%,6051.0,6193.0
 RGN , EAST OF ENGLAND ,NORTH WEST ANGLIA NHS FOUNDATION TRUST,"9,281","9,526",97.43%,"9,729","10,064",96.67%,"9,231","9,525",96.91%,"28,241","29,115",97.00%,9281.0,9526.0
 RNS , MIDLANDS ,NORTHAMPTON GENERAL HOSPITAL NHS TRUST,"4,682","4,908",95.40%,"5,201","5,446",95.50%,"5,252","5,52",95.14%,"15,135","15,874",95.34%,4682.0,4908.0
 RBZ , SOUTH WEST ,NORTHERN DEVON HEALTHCARE NHS TRUST,"3,109","3,949",78.73%,"3,047","4,005",76.08%,"2,866","3,665",78.20%,"9,022","11,619",77.65%,3109.0,3949.0
 RJL , NORTH EAST AND YORKSHIRE ,NORTHERN LINCOLNSHIRE AND GOOLE NHS FOUNDATION TRUST,"7,491","8,079",92.72%,"8,277","8,921",92.78%,"7,891","8,539",92.41%,"23,659","25,539",92.64%,7491.0,8079.0
 RTF , NORTH EAST AND YORKSHIRE ,NORTHUMBRIA HEALTHCARE NHS FOUNDATION TRUST,"11,043","11,088",99.59%,"11,356","11,438",99.28%,"10,383","10,859",95.62%,"32,782","33,385",98.19%,11043.0,11088.0
 RX1 , MIDLANDS ,NOTTINGHAM UNIVERSITY HOSPITALS NHS TRUST,"14,177","15,108",93.84%,"14,69","15,516",94.68%,"14,012","14,928",93.86%,"42,879","45,552",94.13%,14177.0,15108.0
 RTH , SOUTH EAST ,OXFORD UNIVERSITY HOSPITALS NHS FOUNDATION TRUST,"20,285","20,833",97.37%,"21,297","21,654",98.35%,"20,411","20,722",98.50%,"61,993","63,209",98.08%,20285.0,20833.0
 RW6 , NORTH WEST ,PENNINE ACUTE HOSPITALS NHS TRUST,"13,854","14,509",95.49%,"14,454","15,086",95.81%,"14,106","14,601",96.61%,"42,414","44,196",95.97%,13854.0,14509.0
 RD3 , SOUTH WEST ,POOLE HOSPITAL NHS FOUNDATION TRUST,"2,684","2,822",95.11%,"2,803","2,955",94.86%,"2,714","2,833",95.80%,"8,201","8,61",95.25%,2684.0,2822.0
 RHU , SOUTH EAST ,PORTSMOUTH HOSPITALS NHS TRUST,"10,732","11,293",95.03%,"11,066","11,524",96.03%,"10,728","11,208",95.72%,"32,526","34,025",95.59%,10732.0,11293.0
 RPC , SOUTH EAST ,QUEEN VICTORIA HOSPITAL NHS FOUNDATION TRUST,"1,18","1,22",96.72%,"1,27","1,331",95.42%,"1,288","1,321",97.50%,"3,738","3,872",96.54%,118.0,122.0
 RHW , SOUTH EAST ,ROYAL BERKSHIRE NHS FOUNDATION TRUST,"12,647","12,942",97.72%,"13,528","14,125",95.77%,"11,91","12,514",95.17%,"38,085","39,581",96.22%,12647.0,12942.0
 RT3 , LONDON ,ROYAL BROMPTON & HAREFIELD NHS FOUNDATION TRUST,"3,147","3,221",97.70%,"3,278","3,362",97.50%,"3,057","3,101",98.58%,"9,482","9,684",97.91%,3147.0,3221.0
 REF , SOUTH WEST ,ROYAL CORNWALL HOSPITALS NHS TRUST,"7,519","7,942",94.67%,"7,871","8,248",95.43%,"7,421","7,768",95.53%,"22,811","23,958",95.21%,7519.0,7942.0
 RH8 , SOUTH WEST ,ROYAL DEVON AND EXETER NHS FOUNDATION TRUST,"7,67","8,075",94.98%,"7,897","8,388",94.15%,"7,623","8,063",94.54%,"23,19","24,526",94.55%,767.0,8075.0
 RAL , LONDON ,ROYAL FREE LONDON NHS FOUNDATION TRUST,"19,531","20,12",97.07%,"12,713","13,282",95.72%,"15,148","15,408",98.31%,"47,392","48,81",97.09%,19531.0,2012.0
 RQ6 , NORTH WEST ,ROYAL LIVERPOOL AND BROADGREEN UNIVERSITY HOSPITALS NHS TRUST,"9,114","9,684",94.11%,"9,784","10,371",94.34%,"9,208","9,783",94.12%,"28,106","29,838",94.20%,9114.0,9684.0
 RAN , LONDON ,ROYAL NATIONAL ORTHOPAEDIC HOSPITAL NHS TRUST,608,634,95.90%,684,702,97.44%,683,708,96.47%,"1,975","2,044",96.62%,608.0,634.0
 RGM , EAST OF ENGLAND ,ROYAL PAPWORTH HOSPITAL NHS FOUNDATION TRUST,"1,729","1,782",97.03%,"1,436","1,595",90.03%,"1,669","1,795",92.98%,"4,834","5,172",93.46%,1729.0,1782.0
 RA2 , SOUTH EAST ,ROYAL SURREY COUNTY HOSPITAL NHS FOUNDATION TRUST,"5,868","6,049",97.01%,"6,147","6,385",96.27%,"5,873","6,074",96.69%,"17,888","18,508",96.65%,5868.0,6049.0
 RD1 , SOUTH WEST ,ROYAL UNITED HOSPITALS BATH NHS FOUNDATION TRUST,"6,131","6,571",93.30%,"6,334","6,918",91.56%,"5,949","6,623",89.82%,"18,414","20,112",91.56%,6131.0,6571.0
 RM3 , NORTH WEST ,SALFORD ROYAL NHS FOUNDATION TRUST,"11,963","12,423",96.30%,"12,578","13,093",96.07%,"11,664","12,203",95.58%,"36,205","37,719",95.99%,11963.0,12423.0
 RNZ , SOUTH WEST ,SALISBURY NHS FOUNDATION TRUST,"4,45","4,472",99.51%,"4,764","4,802",99.21%,"4,606","4,615",99.80%,"13,82","13,889",99.50%,445.0,4472.0
 RXK , MIDLANDS ,SANDWELL AND WEST BIRMINGHAM HOSPITALS NHS TRUST,"7,517","7,908",95.06%,"7,717","8,042",95.96%,"7,24","7,569",95.65%,"22,474","23,519",95.56%,7517.0,7908.0
 RHQ , NORTH EAST AND YORKSHIRE ,SHEFFIELD TEACHING HOSPITALS NHS FOUNDATION TRUST,"26,563","27,93",95.11%,"27,662","29,116",95.01%,"25,983","27,34",95.04%,"80,208","84,386",95.05%,26563.0,2793.0
 RK5 , MIDLANDS ,SHERWOOD FOREST HOSPITALS NHS FOUNDATION TRUST,"6,521","6,845",95.27%,"6,535","6,873",95.08%,"6,18","6,501",95.06%,"19,236","20,219",95.14%,6521.0,6845.0
 RXW , MIDLANDS ,SHREWSBURY AND TELFORD HOSPITAL NHS TRUST,"12,171","12,983",93.75%,"13,081","13,867",94.33%,"12,312","13,044",94.39%,"37,564","39,894",94.16%,12171.0,12983.0
 R1D , MIDLANDS ,SHROPSHIRE COMMUNITY HEALTH NHS TRUST,138,147,93.88%,153,153,100.00%,151,152,99.34%,442,452,97.79%,138.0,147.0
 RTR , NORTH EAST AND YORKSHIRE ,SOUTH TEES HOSPITALS NHS FOUNDATION TRUST,"9,186","9,62",95.49%,"9,376","9,93",94.42%,"9,025","9,504",94.96%,"27,587","29,054",94.95%,9186.0,962.0
 R0B , NORTH EAST AND YORKSHIRE ,SOUTH TYNESIDE AND SUNDERLAND NHS FOUNDATION TRUST,"9,85","9,988",98.62%,"10,112","10,275",98.41%,"9,44","9,583",98.51%,"29,402","29,846",98.51%,985.0,9988.0
 RJC , MIDLANDS ,SOUTH WARWICKSHIRE NHS FOUNDATION TRUST,"1,206","1,233",97.81%,"1,603","1,631",98.28%,977,"1,007",97.02%,"3,786","3,871",97.80%,1206.0,1233.0
 RAJ , EAST OF ENGLAND ,SOUTHEND UNIVERSITY HOSPITAL NHS FOUNDATION TRUST,"6,388","6,492",98.40%,"6,472","6,592",98.18%,"6,291","6,41",98.14%,"19,151","19,494",98.24%,6388.0,6492.0
 RW1 , SOUTH EAST ,SOUTHERN HEALTH NHS FOUNDATION TRUST,140,144,97.22%,153,160,95.63%,152,157,96.82%,445,461,96.53%,140.0,144.0
 RVY , NORTH WEST ,SOUTHPORT AND ORMSKIRK HOSPITAL NHS TRUST,"4,234","4,3",98.47%,"4,303","4,402",97.75%,"4,023","4,144",97.08%,"12,56","12,846",97.77%,4234.0,43.0
 RJ7 , LONDON ,ST GEORGE'S UNIVERSITY HOSPITALS NHS FOUNDATION TRUST,"9,437","10,749",87.79%,"10,156","11,519",88.17%,"9,444","10,778",87.62%,"29,037","33,046",87.87%,9437.0,10749.0
 RBN , NORTH WEST ,ST HELENS AND KNOWSLEY TEACHING HOSPITALS NHS TRUST,"9,202","9,652",95.34%,"9,595","10,066",95.32%,"9,071","9,545",95.03%,"27,868","29,263",95.23%,9202.0,9652.0
 RWJ , NORTH WEST ,STOCKPORT NHS FOUNDATION TRUST,"5,834","6,004",97.17%,"6,136","6,326",97.00%,"5,865","6,049",96.96%,"17,835","18,379",97.04%,5834.0,6004.0
 RTP , SOUTH EAST ,SURREY AND SUSSEX HEALTHCARE NHS TRUST,"7,316","7,491",97.66%,"7,884","8,06",97.82%,"7,7","7,889",97.60%,"22,9","23,44",97.70%,7316.0,7491.0
 RMP , NORTH WEST ,TAMESIDE AND GLOSSOP INTEGRATED CARE NHS FOUNDATION TRUST,"3,44","3,506",98.12%,"3,51","3,577",98.13%,"3,523","3,579",98.44%,"10,473","10,662",98.23%,344.0,3506.0
 RBA , SOUTH WEST ,TAUNTON AND SOMERSET NHS FOUNDATION TRUST,"6,645","7,156",92.86%,"6,894","7,28",94.70%,"6,559","6,991",93.82%,"20,098","21,427",93.80%,6645.0,7156.0
 RBV , NORTH WEST ,THE CHRISTIE NHS FOUNDATION TRUST,"1,731","1,827",94.75%,"1,829","1,89",96.77%,"1,71","1,79",95.53%,"5,27","5,507",95.70%,1731.0,1827.0
 REN , NORTH WEST ,THE CLATTERBRIDGE CANCER CENTRE NHS FOUNDATION TRUST,171,177,96.61%,167,168,99.40%,150,159,94.34%,488,504,96.83%,171.0,177.0
 RNA , MIDLANDS ,THE DUDLEY GROUP NHS FOUNDATION TRUST,"11,095","11,707",94.77%,"11,292","12,04",93.79%,"10,799","11,374",94.94%,"33,186","35,121",94.49%,11095.0,11707.0
 RAS , LONDON ,THE HILLINGDON HOSPITALS NHS FOUNDATION TRUST,"3,856","4,114",93.73%,"4,098","4,322",94.82%,"3,924","4,099",95.73%,"11,878","12,535",94.76%,3856.0,4114.0
 RTD , NORTH EAST AND YORKSHIRE ,THE NEWCASTLE UPON TYNE HOSPITALS NHS FOUNDATION TRUST,"11,144","11,384",97.89%,"11,898","12,09",98.41%,"10,957","11,343",96.60%,"33,999","34,817",97.65%,11144.0,11384.0
 RQW , EAST OF ENGLAND ,THE PRINCESS ALEXANDRA HOSPITAL NHS TRUST,"3,709","3,785",97.99%,"3,9","3,965",98.36%,"3,471","3,53",98.33%,"11,08","11,28",98.23%,3709.0,3785.0
 RCX , EAST OF ENGLAND ,"THE QUEEN ELIZABETH HOSPITAL, KING'S LYNN, NHS FOUNDATION TRUST","6,611","6,784",97.45%,"6,975","7,168",97.31%,"6,518","6,693",97.39%,"20,104","20,645",97.38%,6611.0,6784.0
 RL1 , MIDLANDS ,THE ROBERT JONES AND AGNES HUNT ORTHOPAEDIC HOSPITAL NHS FOUNDATION TRUST,"1,108","1,109",99.91%,"1,195","1,197",99.83%,"1,118","1,121",99.73%,"3,421","3,427",99.82%,1108.0,1109.0
 RDZ , SOUTH WEST ,THE ROYAL BOURNEMOUTH AND CHRISTCHURCH HOSPITALS NHS FOUNDATION TRUST,"8,597","8,979",95.75%,"9,27","9,614",96.42%,"8,857","9,159",96.70%,"26,724","27,752",96.30%,8597.0,8979.0
 RPY , LONDON ,THE ROYAL MARSDEN NHS FOUNDATION TRUST,"1,341","1,4",95.79%,"1,433","1,478",96.96%,"1,383","1,429",96.78%,"4,157","4,307",96.52%,1341.0,14.0
 RRJ , MIDLANDS ,THE ROYAL ORTHOPAEDIC HOSPITAL NHS FOUNDATION TRUST,898,934,96.15%,955,974,98.05%,986,"1,007",97.91%,"2,839","2,915",97.39%,898.0,934.0
 RL4 , MIDLANDS ,THE ROYAL WOLVERHAMPTON NHS TRUST,"9,335","9,846",94.81%,"9,662","10,17",95.00%,"9,2","9,691",94.93%,"28,197","29,707",94.92%,9335.0,9846.0
 RET , NORTH WEST ,THE WALTON CENTRE NHS FOUNDATION TRUST,454,454,100.00%,433,440,98.41%,418,427,97.89%,"1,305","1,321",98.79%,454.0,454.0
 RA9 , SOUTH WEST ,TORBAY AND SOUTH DEVON NHS FOUNDATION TRUST,"5,488","6,151",89.22%,"6,001","6,596",90.98%,"5,568","6,137",90.73%,"17,057","18,884",90.33%,5488.0,6151.0
 RWD , MIDLANDS ,UNITED LINCOLNSHIRE HOSPITALS NHS TRUST,"10,802","11,192",96.52%,"11,611","11,885",97.69%,"10,769","11,065",97.32%,"33,182","34,142",97.19%,10802.0,11192.0
 RHM , SOUTH EAST ,UNIVERSITY HOSPITAL SOUTHAMPTON NHS FOUNDATION TRUST,"10,608","11,535",91.96%,"11,277","12,203",92.41%,"10,943","11,803",92.71%,"32,828","35,541",92.37%,10608.0,11535.0
 RRK , MIDLANDS ,UNIVERSITY HOSPITALS BIRMINGHAM NHS FOUNDATION TRUST,"29,765","30,228",98.47%,"30,709","31,153",98.57%,"28,605","29,044",98.49%,"89,079","90,425",98.51%,29765.0,30228.0
 RA7 , SOUTH WEST ,UNIVERSITY HOSPITALS BRISTOL NHS FOUNDATION TRUST,"9,781","9,934",98.46%,"9,999","10,184",98.18%,"9,515","9,687",98.22%,"29,295","29,805",98.29%,9781.0,9934.0
 RKB , MIDLANDS ,UNIVERSITY HOSPITALS COVENTRY AND WARWICKSHIRE NHS TRUST,"12,147","12,58",96.56%,"12,973","13,427",96.62%,"12,551","12,943",96.97%,"37,671","38,95",96.72%,12147.0,1258.0
 RTG , MIDLANDS ,UNIVERSITY HOSPITALS OF DERBY AND BURTON NHS FOUNDATION TRUST,"15,94","16,632",95.84%,"16,519","17,205",96.01%,"15,925","16,63",95.76%,"48,384","50,467",95.87%,1594.0,16632.0
 RWE , MIDLANDS ,UNIVERSITY HOSPITALS OF LEICESTER NHS TRUST,"30,868","31,373",98.39%,"32,135","32,829",97.89%,"30,185","30,695",98.34%,"93,188","94,897",98.20%,30868.0,31373.0
 RTX , NORTH WEST ,UNIVERSITY HOSPITALS OF MORECAMBE BAY NHS FOUNDATION TRUST,"1,394","1,498",93.06%,"1,499","1,57",95.48%,"1,38","1,472",93.75%,"4,273","4,54",94.12%,1394.0,1498.0
 RJE , MIDLANDS ,UNIVERSITY HOSPITALS OF NORTH MIDLANDS NHS TRUST,"19,62","20,939",93.70%,"19,498","20,83",93.61%,"18,832","20,018",94.08%,"57,95","61,787",93.79%,1962.0,20939.0
 RK9 , SOUTH WEST ,UNIVERSITY HOSPITALS PLYMOUTH NHS TRUST,"8,858","9,223",96.04%,"9,191","9,55",96.24%,"8,749","9,051",96.66%,"26,798","27,824",96.31%,8858.0,9223.0
 RBK , MIDLANDS ,WALSALL HEALTHCARE NHS TRUST,"4,76","5,23",91.01%,"4,956","5,386",92.02%,"4,887","5,295",92.29%,"14,603","15,911",91.78%,476.0,523.0
 RWW , NORTH WEST ,WARRINGTON AND HALTON HOSPITALS NHS FOUNDATION TRUST,"4,964","5,423",91.54%,"5,135","5,687",90.29%,"4,957","5,536",89.54%,"15,056","16,646",90.45%,4964.0,5423.0
 RWG , EAST OF ENGLAND ,WEST HERTFORDSHIRE HOSPITALS NHS TRUST,"7,117","7,429",95.80%,"7,289","7,685",94.85%,"6,681","7,147",93.48%,"21,087","22,261",94.73%,7117.0,7429.0
 RGR , EAST OF ENGLAND ,WEST SUFFOLK NHS FOUNDATION TRUST,"4,174","4,393",95.01%,"4,43","4,643",95.41%,"3,992","4,193",95.21%,"12,596","13,229",95.22%,4174.0,4393.0
 RYR , SOUTH EAST ,WESTERN SUSSEX HOSPITALS NHS FOUNDATION TRUST,"9,983","10,354",96.42%,"10,008","10,355",96.65%,"9,655","10,027",96.29%,"29,646","30,736",96.45%,9983.0,10354.0
 RA3 , SOUTH WEST ,WESTON AREA HEALTH NHS TRUST,"2,092","2,183",95.83%,"2,136","2,231",95.74%,"1,974","2,077",95.04%,"6,202","6,491",95.55%,2092.0,2183.0
 RKE , LONDON ,WHITTINGTON HEALTH NHS TRUST,"3,493","3,664",95.33%,"3,328","3,494",95.25%,"3,427","3,556",96.37%,"10,248","10,714",95.65%,3493.0,3664.0
 RBL , NORTH WEST ,WIRRAL UNIVERSITY TEACHING HOSPITAL NHS FOUNDATION TRUST,"9,489","9,839",96.44%,"10,073","10,425",96.62%,"9,646","9,969",96.76%,"29,208","30,233",96.61%,9489.0,9839.0
 RWP , MIDLANDS ,WORCESTERSHIRE ACUTE HOSPITALS NHS TRUST,"9,932","10,354",95.92%,"10,524","10,897",96.58%,"9,814","10,169",96.51%,"30,27","31,42",96.34%,9932.0,10354.0
 RRF , NORTH WEST ,"WRIGHTINGTON, WIGAN AND LEIGH NHS FOUNDATION TRUST","6,19","6,449",95.98%,"6,495","6,696",97.00%,"6,257","6,499",96.28%,"18,942","19,644",96.43%,619.0,6449.0
 RLQ , MIDLANDS ,WYE VALLEY NHS TRUST,"3,716","4,216",88.14%,"3,849","4,332",88.85%,"3,923","4,356",90.06%,"11,488","12,904",89.03%,3716.0,4216.0
 RA4 , SOUTH WEST ,YEOVIL DISTRICT HOSPITAL NHS FOUNDATION TRUST,"3,711","3,883",95.57%,"3,817","3,975",96.03%,"3,659","3,823",95.71%,"11,187","11,681",95.77%,3711.0,3883.0
 RCB , NORTH EAST AND YORKSHIRE ,YORK TEACHING HOSPITAL NHS FOUNDATION TRUST,"11,552","11,844",97.53%,"12,126","12,516",96.88%,"11,931","12,335",96.72%,"35,609","36,695",97.04%,11552.0,11844.0
TOTAL ,,,"1,170,601","1,224,620",95.59%,"1,212,903","1,270,291",95.48%,"1,154,817","1,207,665",95.62%,"3,538,321","3,702,576",95.56%,1170601.0,1224620.0
 NQ1 , EAST OF ENGLAND ,ANGLIAN COMMUNITY ENTERPRISE COMMUNITY INTEREST COMPANY (ACE CIC),89,89,100.00%,71,72,98.61%,72,73,98.63%,232,234,99.15%,89.0,89.0
 NVC01 , SOUTH EAST ,ASHTEAD HOSPITAL,174,181,96.13%,145,145,100.00%,133,153,86.93%,452,479,94.36%,174.0,181.0
 NYW01 , EAST OF ENGLAND ,ASPEN - THE HOLLY,473,473,100.00%,476,476,100.00%,465,465,100.00%,"1,414","1,414",100.00%,473.0,473.0
 NTP13 , MIDLANDS ,BARLBOROUGH NHS TREATMENT CENTRE,275,275,100.00%,267,269,99.26%,202,202,100.00%,744,746,99.73%,275.0,275.0
 NWF01 , SOUTH EAST ,BENENDEN HOSPITAL,517,518,99.81%,518,518,100.00%,488,488,100.00%,"1,523","1,524",99.93%,517.0,518.0
 NVC31 , EAST OF ENGLAND ,BLAKELANDS HOSPITAL,379,391,96.93%,304,308,98.70%,299,299,100.00%,982,998,98.40%,379.0,391.0
 NT402 , SOUTH WEST ,BMI - BATH CLINIC,111,111,100.00%,114,114,100.00%,102,102,100.00%,327,327,100.00%,111.0,111.0
 NT405 , LONDON ,BMI - BISHOPS WOOD,70,71,98.59%,84,84,100.00%,91,91,100.00%,245,246,99.59%,70.0,71.0
 NT409 , LONDON ,BMI - CHELSFIELD PARK HOSPITAL,104,104,100.00%,129,129,100.00%,120,120,100.00%,353,353,100.00%,104.0,104.0
 NT417 , SOUTH EAST ,BMI - GORING HALL HOSPITAL,142,142,100.00%,129,129,100.00%,130,130,100.00%,401,401,100.00%,142.0,142.0
 NT416 , LONDON ,BMI - HENDON HOSPITAL,69,69,100.00%,97,97,100.00%,55,58,94.83%,221,224,98.66%,69.0,69.0
 NT433 , SOUTH EAST ,BMI - SARUM ROAD HOSPITAL,80,80,100.00%,60,60,100.00%,54,54,100.00%,194,194,100.00%,80.0,80.0
 NT436 , LONDON ,BMI - SHIRLEY OAKS HOSPITAL,241,241,100.00%,247,260,95.00%,200,211,94.79%,688,712,96.63%,241.0,241.0
 NT401 , NORTH WEST ,BMI - THE ALEXANDRA HOSPITAL,377,377,100.00%,405,413,98.06%,390,390,100.00%,"1,172","1,18",99.32%,377.0,377.0
 NT403 , NORTH WEST ,BMI - THE BEARDWOOD HOSPITAL,538,538,100.00%,562,562,100.00%,555,555,100.00%,"1,655","1,655",100.00%,538.0,538.0
 NT404 , NORTH WEST ,BMI - THE BEAUMONT HOSPITAL,359,359,100.00%,409,409,100.00%,377,377,100.00%,"1,145","1,145",100.00%,359.0,359.0
 NT406 , LONDON ,BMI - THE BLACKHEATH HOSPITAL,150,150,100.00%,196,196,100.00%,149,149,100.00%,495,495,100.00%,150.0,150.0
 NT408 , SOUTH EAST ,BMI - THE CHAUCER HOSPITAL,141,141,100.00%,160,160,100.00%,118,118,100.00%,419,419,100.00%,141.0,141.0
 NT410 , SOUTH EAST ,BMI - THE CHILTERN HOSPITAL,76,76,100.00%,59,59,100.00%,57,57,100.00%,192,192,100.00%,76.0,76.0
 NT411 , LONDON ,BMI - THE CLEMENTINE CHURCHILL HOSPITAL,256,256,100.00%,300,300,100.00%,263,263,100.00%,819,819,100.00%,256.0,256.0
 NT412 , MIDLANDS ,BMI - THE DROITWICH SPA HOSPITAL,230,230,100.00%,234,234,100.00%,234,234,100.00%,698,698,100.00%,230.0,230.0
 NT413 , SOUTH EAST ,BMI - THE ESPERANCE HOSPITAL,93,93,100.00%,99,99,100.00%,52,52,100.00%,244,244,100.00%,93.0,93.0
 NT418 , SOUTH EAST ,BMI - THE HAMPSHIRE CLINIC,216,216,100.00%,255,255,100.00%,223,223,100.00%,694,694,100.00%,216.0,216.0
 NT419 , SOUTH WEST ,BMI - THE HARBOUR HOSPITAL,44,44,100.00%,84,87,96.55%,48,52,92.31%,176,183,96.17%,44.0,44.0
 NT420 , NORTH WEST ,BMI - THE HIGHFIELD HOSPITAL,121,121,100.00%,131,131,100.00%,150,150,100.00%,402,402,100.00%,121.0,121.0
 NT421 , LONDON ,BMI - THE KINGS OAK HOSPITAL,109,109,100.00%,157,157,100.00%,104,104,100.00%,370,370,100.00%,109.0,109.0
 NT422 , LONDON ,BMI - THE LONDON INDEPENDENT HOSPITAL,417,417,100.00%,560,560,100.00%,466,466,100.00%,"1,443","1,443",100.00%,417.0,417.0
 NT423 , EAST OF ENGLAND ,BMI - THE MANOR HOSPITAL,72,72,100.00%,67,67,100.00%,49,49,100.00%,188,188,100.00%,72.0,72.0
 NT424 , MIDLANDS ,BMI - THE MERIDEN HOSPITAL,239,239,100.00%,164,164,100.00%,171,171,100.00%,574,574,100.00%,239.0,239.0
 NT427 , MIDLANDS ,BMI - THE PARK HOSPITAL,131,131,100.00%,219,219,100.00%,191,191,100.00%,541,541,100.00%,131.0,131.0
 NT428 , SOUTH EAST ,BMI - THE PRINCESS MARGARET HOSPITAL,56,56,100.00%,53,60,88.33%,35,36,97.22%,144,152,94.74%,56.0,56.0
 NT429 , MIDLANDS ,BMI - THE PRIORY HOSPITAL,67,67,100.00%,70,70,100.00%,72,72,100.00%,209,209,100.00%,67.0,67.0
 NT430 , SOUTH WEST ,BMI - THE RIDGEWAY HOSPITAL,274,285,96.14%,275,275,100.00%,283,289,97.92%,832,849,98.00%,274.0,285.0
 NT431 , SOUTH EAST ,BMI - THE RUNNYMEDE HOSPITAL,31,31,100.00%,39,39,100.00%,29,30,96.67%,99,100,99.00%,31.0,31.0
 NT432 , EAST OF ENGLAND ,BMI - THE SANDRINGHAM HOSPITAL,148,148,100.00%,123,123,100.00%,0,118,0.00%,271,389,69.67%,148.0,148.0
 NT434 , EAST OF ENGLAND ,BMI - THE SAXON CLINIC,105,105,100.00%,116,116,100.00%,103,103,100.00%,324,324,100.00%,105.0,105.0
 NT435 , SOUTH EAST ,BMI - THE SHELBURNE HOSPITAL,20,20,100.00%,22,22,100.00%,25,25,100.00%,67,67,100.00%,20.0,20.0
 NT437 , LONDON ,BMI - THE SLOANE HOSPITAL,82,82,100.00%,88,88,100.00%,99,99,100.00%,269,269,100.00%,82.0,82.0
 NT439 , NORTH WEST ,BMI - THE SOUTH CHESHIRE PRIVATE HOSPITAL,239,239,100.00%,206,206,100.00%,205,205,100.00%,650,650,100.00%,239.0,239.0
 NT443 , SOUTH WEST ,BMI - THE WINTERBOURNE HOSPITAL,70,88,79.55%,77,77,100.00%,96,96,100.00%,243,261,93.10%,70.0,88.0
 NT440 , NORTH EAST AND YORKSHIRE ,BMI - THORNBURY HOSPITAL,56,56,100.00%,89,89,100.00%,58,58,100.00%,203,203,100.00%,56.0,56.0
 NT441 , MIDLANDS ,BMI - THREE SHIRES HOSPITAL,357,357,100.00%,401,401,100.00%,378,378,100.00%,"1,136","1,136",100.00%,357.0,357.0
 NT497 , NORTH WEST ,BMI GISBURNE PARK HOSPITAL,242,242,100.00%,235,235,100.00%,263,263,100.00%,740,740,100.00%,242.0,242.0
 NT455 , SOUTH EAST ,BMI MOUNT ALVERNIA HOSPITAL,36,36,100.00%,10,10,100.00%,37,37,100.00%,83,83,100.00%,36.0,36.0
 NT490 , EAST OF ENGLAND ,BMI SOUTHEND PRIVATE HOSPITAL,189,189,100.00%,186,186,100.00%,170,170,100.00%,545,545,100.00%,189.0,189.0
 NT446 , EAST OF ENGLAND ,BMI ST EDMUNDS HOSPITAL,77,77,100.00%,127,127,100.00%,99,99,100.00%,303,303,100.00%,77.0,77.0
 NT451 , LONDON ,BMI THE CAVELL HOSPITAL,140,140,100.00%,174,174,100.00%,156,156,100.00%,470,470,100.00%,140.0,140.0
 NT447 , NORTH EAST AND YORKSHIRE ,BMI THE DUCHY HOSPITAL,63,63,100.00%,42,42,100.00%,54,54,100.00%,159,159,100.00%,63.0,63.0
 NT445 , MIDLANDS ,BMI THE EDGBASTON HOSPITAL,157,157,100.00%,218,218,100.00%,205,205,100.00%,580,580,100.00%,157.0,157.0
 NT448 , NORTH EAST AND YORKSHIRE ,BMI THE HUDDERSFIELD HOSPITAL,236,236,100.00%,227,227,100.00%,255,255,100.00%,718,718,100.00%,236.0,236.0
 NT449 , NORTH WEST ,BMI THE LANCASTER HOSPITAL,137,137,100.00%,149,149,100.00%,169,169,100.00%,455,455,100.00%,137.0,137.0
 NT450 , MIDLANDS ,BMI THE LINCOLN HOSPITAL,73,73,100.00%,86,86,100.00%,99,99,100.00%,258,258,100.00%,73.0,73.0
 NT457 , NORTH EAST AND YORKSHIRE ,BMI WOODLANDS HOSPITAL,445,445,100.00%,429,429,100.00%,345,345,100.00%,"1,219","1,219",100.00%,445.0,445.0
 NVC27 , MIDLANDS ,BOSTON WEST HOSPITAL,225,251,89.64%,261,263,99.24%,237,243,97.53%,723,757,95.51%,225.0,251.0
 NV313 , MIDLANDS ,CIRCLE - NOTTINGHAM NHS TREATMENT CENTRE,334,341,97.95%,360,391,92.07%,354,392,90.31%,"1,048","1,124",93.24%,334.0,341.0
 NV323 , SOUTH EAST ,CIRCLE READING HOSPITAL,208,208,100.00%,225,225,100.00%,190,190,100.00%,623,623,100.00%,208.0,208.0
 NVC28 , NORTH EAST AND YORKSHIRE ,CLIFTON PARK HOSPITAL,139,139,100.00%,157,157,100.00%,142,143,99.30%,438,439,99.77%,139.0,139.0
 NVC29 , NORTH EAST AND YORKSHIRE ,COBALT HOSPITAL,337,337,100.00%,397,397,100.00%,360,360,100.00%,"1,094","1,094",100.00%,337.0,337.0
 NTPH3 , SOUTH WEST ,DEVIZES NHS TREATMENT CENTRE,386,386,100.00%,441,441,100.00%,354,354,100.00%,"1,181","1,181",100.00%,386.0,386.0
 NVC04 , SOUTH WEST ,DUCHY HOSPITAL,206,386,53.37%,274,396,69.19%,287,350,82.00%,767,"1,132",67.76%,206.0,386.0
 NTPH2 , SOUTH WEST ,EMERSONS GREEN NHS TREATMENT CENTRE,"1,085","1,088",99.72%,985,987,99.80%,"1,123","1,124",99.91%,"3,193","3,199",99.81%,1085.0,1088.0
 NVC05 , NORTH WEST ,EUXTON HALL HOSPITAL,546,569,95.96%,495,523,94.65%,551,578,95.33%,"1,592","1,67",95.33%,546.0,569.0
 NVG01 , NORTH WEST ,FAIRFIELD HOSPITAL,155,155,100.00%,175,175,100.00%,163,163,100.00%,493,493,100.00%,155.0,155.0
 NVC06 , EAST OF ENGLAND ,FITZWILLIAM HOSPITAL,582,591,98.48%,637,643,99.07%,644,656,98.17%,"1,863","1,89",98.57%,582.0,591.0
 AHH , SOUTH EAST ,FOSCOTE COURT (BANBURY) TRUST LTD,71,71,100.00%,85,85,100.00%,79,79,100.00%,235,235,100.00%,71.0,71.0
 NVC07 , NORTH WEST ,FULWOOD HALL HOSPITAL,699,712,98.17%,758,773,98.06%,703,726,96.83%,"2,16","2,211",97.69%,699.0,712.0
 NVC25 , SOUTH EAST ,HORTON NHS TREATMENT CENTRE,215,218,98.62%,190,190,100.00%,182,182,100.00%,587,590,99.49%,215.0,218.0
 ADP02 , SOUTH EAST ,KIMS HOSPITAL (NEWNHAM COURT),904,913,99.01%,944,954,98.95%,940,949,99.05%,"2,788","2,816",99.01%,904.0,913.0
 NVC08 , SOUTH WEST ,MOUNT STUART HOSPITAL,324,324,100.00%,347,347,100.00%,358,358,100.00%,"1,029","1,029",100.00%,324.0,324.0
 NVC09 , SOUTH WEST ,NEW HALL HOSPITAL,387,396,97.73%,492,506,97.23%,500,522,95.79%,"1,379","1,424",96.84%,387.0,396.0
 NVC11 , SOUTH EAST ,NORTH DOWNS HOSPITAL,188,189,99.47%,193,194,99.48%,171,172,99.42%,552,555,99.46%,188.0,189.0
 NTP15 , LONDON ,NORTH EAST LONDON TREATMENT CENTRE CARE UK,886,889,99.66%,765,771,99.22%,858,860,99.77%,"2,509","2,52",99.56%,886.0,889.0
 NT204 , EAST OF ENGLAND ,"NUFFIELD HEALTH, BRENTWOOD HOSPITAL",87,87,100.00%,82,82,100.00%,67,67,100.00%,236,236,100.00%,87.0,87.0
 NT205 , SOUTH EAST ,"NUFFIELD HEALTH, BRIGHTON HOSPITAL",35,36,97.22%,53,55,96.36%,42,45,93.33%,130,136,95.59%,35.0,36.0
 NT206 , SOUTH WEST ,"NUFFIELD HEALTH, BRISTOL HOSPITAL (CHESTERFIELD)",95,95,100.00%,194,194,100.00%,188,188,100.00%,477,477,100.00%,95.0,95.0
 NT209 , EAST OF ENGLAND ,"NUFFIELD HEALTH, CAMBRIDGE HOSPITAL",64,67,95.52%,71,76,93.42%,71,72,98.61%,206,215,95.81%,64.0,67.0
 NT211 , SOUTH WEST ,"NUFFIELD HEALTH, CHELTENHAM HOSPITAL",4,4,100.00%,14,14,100.00%,2,2,100.00%,20,20,100.00%,4.0,4.0
 NT212 , SOUTH EAST ,"NUFFIELD HEALTH, CHICHESTER HOSPITAL",123,123,100.00%,133,133,100.00%,121,121,100.00%,377,377,100.00%,123.0,123.0
 NT218 , SOUTH EAST ,"NUFFIELD HEALTH, HAYWARDS HEATH HOSPITAL",8,8,100.00%,7,7,100.00%,7,7,100.00%,22,22,100.00%,8.0,8.0
 NT219 , MIDLANDS ,"NUFFIELD HEALTH, HEREFORD HOSPITAL",77,77,100.00%,70,70,100.00%,77,77,100.00%,224,224,100.00%,77.0,77.0
 NT225 , NORTH EAST AND YORKSHIRE ,"NUFFIELD HEALTH, LEEDS HOSPITAL",229,229,100.00%,230,230,100.00%,194,194,100.00%,653,653,100.00%,229.0,229.0
 NT226 , MIDLANDS ,"NUFFIELD HEALTH, LEICESTER HOSPITAL",108,108,100.00%,111,112,99.11%,94,94,100.00%,313,314,99.68%,108.0,108.0
 NT230 , MIDLANDS ,"NUFFIELD HEALTH, NORTH STAFFORDSHIRE HOSPITAL",222,222,100.00%,188,188,100.00%,183,183,100.00%,593,593,100.00%,222.0,222.0
 NT233 , SOUTH WEST ,"NUFFIELD HEALTH, PLYMOUTH HOSPITAL",129,129,100.00%,153,153,100.00%,137,137,100.00%,419,419,100.00%,129.0,129.0
 NT238 , SOUTH WEST ,"NUFFIELD HEALTH, TAUNTON HOSPITAL",63,63,100.00%,73,73,100.00%,81,81,100.00%,217,217,100.00%,63.0,63.0
 NT237 , NORTH EAST AND YORKSHIRE ,"NUFFIELD HEALTH, TEES HOSPITAL",119,119,100.00%,112,112,100.00%,152,152,100.00%,383,383,100.00%,119.0,119.0
 NT214 , SOUTH EAST ,"NUFFIELD HEALTH, WESSEX HOSPITAL",57,68,83.82%,70,79,88.61%,53,61,86.89%,180,208,86.54%,57.0,68.0
 NT242 , MIDLANDS ,"NUFFIELD HEALTH, WOLVERHAMPTON HOSPITAL",267,267,100.00%,267,267,100.00%,247,247,100.00%,781,781,100.00%,267.0,267.0
 NT245 , NORTH EAST AND YORKSHIRE ,"NUFFIELD HEALTH, YORK HOSPITAL",66,66,100.00%,50,50,100.00%,65,65,100.00%,181,181,100.00%,66.0,66.0
 NT244 , SOUTH EAST ,NUFFIELD HOSPITAL OXFORD (THE MANOR),31,31,100.00%,18,18,100.00%,12,12,100.00%,61,61,100.00%,31.0,31.0
 NVC12 , NORTH WEST ,OAKLANDS HOSPITAL,508,511,99.41%,534,537,99.44%,592,592,100.00%,"1,634","1,64",99.63%,508.0,511.0
 NVC13 , EAST OF ENGLAND ,OAKS HOSPITAL,41,42,97.62%,39,39,100.00%,60,60,100.00%,140,141,99.29%,41.0,42.0
 NQM01 , EAST OF ENGLAND ,ORTHOPAEDICS & SPINE SPECIALIST HOSPITAL SITE,48,48,100.00%,31,31,100.00%,35,35,100.00%,114,114,100.00%,48.0,48.0
 NVC14 , NORTH EAST AND YORKSHIRE ,PARK HILL HOSPITAL,158,162,97.53%,126,145,86.90%,140,152,92.11%,424,459,92.37%,158.0,162.0
 NTPH5 , SOUTH WEST ,PENINSULA NHS TREATMENT CENTRE,580,582,99.66%,593,598,99.16%,659,662,99.55%,"1,832","1,842",99.46%,580.0,582.0
 NVC15 , EAST OF ENGLAND ,PINEHILL HOSPITAL,356,374,95.19%,449,480,93.54%,398,418,95.22%,"1,203","1,272",94.58%,356.0,374.0
 NEY , NORTH EAST AND YORKSHIRE ,PIONEER HEALTHCARE LIMITED,30,30,100.00%,25,25,100.00%,31,31,100.00%,86,86,100.00%,30.0,30.0
 NQA , EAST OF ENGLAND ,PROVIDE,47,47,100.00%,56,56,100.00%,40,40,100.00%,143,143,100.00%,47.0,47.0
 NVC0M , LONDON ,RAMSAY CROYDON DAY HOSPITAL,55,59,93.22%,51,51,100.00%,46,47,97.87%,152,157,96.82%,55.0,59.0
 NVC16 , NORTH WEST ,RENACRES HOSPITAL,426,442,96.38%,424,444,95.50%,474,492,96.34%,"1,324","1,378",96.08%,426.0,442.0
 NVC19 , EAST OF ENGLAND ,RIVERS HOSPITAL,830,840,98.81%,909,910,99.89%,838,849,98.70%,"2,577","2,599",99.15%,830.0,840.0
 NVC17 , MIDLANDS ,ROWLEY HALL HOSPITAL,577,581,99.31%,473,473,100.00%,591,593,99.66%,"1,641","1,647",99.64%,577.0,581.0
 NTPH1 , SOUTH WEST ,SHEPTON MALLET NHS TREATMENT CENTRE,518,523,99.04%,567,573,98.95%,584,586,99.66%,"1,669","1,682",99.23%,518.0,523.0
 NFH , SOUTH WEST ,SOMERSET SURGICAL SERVICES HQ,75,75,100.00%,168,169,99.41%,177,178,99.44%,420,422,99.53%,75.0,75.0
 NTP11 , SOUTH EAST ,SOUTHAMPTON NHS TREATMENT CENTRE,"1,17","1,184",98.82%,"1,294","1,302",99.39%,"1,238","1,241",99.76%,"3,702","3,727",99.33%,117.0,1184.0
 NT312 , SOUTH EAST ,SPIRE ALEXANDRA HOSPITAL,146,146,100.00%,137,137,100.00%,125,125,100.00%,408,408,100.00%,146.0,146.0
 NT302 , SOUTH WEST ,SPIRE BRISTOL HOSPITAL,116,122,95.08%,138,145,95.17%,159,167,95.21%,413,434,95.16%,116.0,122.0
 NT315 , EAST OF ENGLAND ,SPIRE BUSHEY HOSPITAL,62,88,70.45%,76,108,70.37%,61,86,70.93%,199,282,70.57%,62.0,88.0
 NT317 , EAST OF ENGLAND ,SPIRE CAMBRIDGE LEA HOSPITAL,63,70,90.00%,50,55,90.91%,45,50,90.00%,158,175,90.29%,63.0,70.0
 NT324 , NORTH WEST ,SPIRE CHESHIRE HOSPITAL,257,257,100.00%,275,275,100.00%,311,311,100.00%,843,843,100.00%,257.0,257.0
 NT345 , SOUTH EAST ,SPIRE CLARE PARK HOSPITAL,80,80,100.00%,100,100,100.00%,107,107,100.00%,287,287,100.00%,80.0,80.0
 NT344 , SOUTH EAST ,SPIRE DUNEDIN HOSPITAL,154,154,100.00%,134,134,100.00%,173,173,100.00%,461,461,100.00%,154.0,154.0
 NT348 , NORTH EAST AND YORKSHIRE ,SPIRE ELLAND HOSPITAL,307,307,100.00%,357,357,100.00%,344,344,100.00%,"1,008","1,008",100.00%,307.0,307.0
 NT347 , NORTH WEST ,SPIRE FYLDE COAST HOSPITAL,393,393,100.00%,395,395,100.00%,382,382,100.00%,"1,17","1,17",100.00%,393.0,393.0
 NT308 , SOUTH EAST ,SPIRE GATWICK PARK HOSPITAL,125,125,100.00%,142,142,100.00%,134,134,100.00%,401,401,100.00%,125.0,125.0
 NT316 , EAST OF ENGLAND ,SPIRE HARPENDEN HOSPITAL,114,120,95.00%,145,152,95.39%,147,154,95.45%,406,426,95.31%,114.0,120.0
 NT319 , EAST OF ENGLAND ,SPIRE HARTSWOOD HOSPITAL,72,84,85.71%,79,92,85.87%,67,78,85.90%,218,254,85.83%,72.0,84.0
 NT351 , NORTH EAST AND YORKSHIRE ,SPIRE HULL AND EAST RIDING HOSPITAL,407,407,100.00%,410,410,100.00%,372,372,100.00%,"1,189","1,189",100.00%,407.0,407.0
 NT332 , NORTH EAST AND YORKSHIRE ,SPIRE LEEDS HOSPITAL,243,243,100.00%,213,213,100.00%,233,233,100.00%,689,689,100.00%,243.0,243.0
 NT322 , MIDLANDS ,SPIRE LEICESTER HOSPITAL,113,113,100.00%,129,129,100.00%,113,113,100.00%,355,355,100.00%,113.0,113.0
 NT321 , MIDLANDS ,SPIRE LITTLE ASTON HOSPITAL,190,200,95.00%,183,192,95.31%,202,212,95.28%,575,604,95.20%,190.0,200.0
 NT337 , NORTH WEST ,SPIRE LIVERPOOL HOSPITAL,524,551,95.10%,556,585,95.04%,609,641,95.01%,"1,689","1,777",95.05%,524.0,551.0
 NT314 , LONDON ,SPIRE LONDON EAST,339,398,85.18%,334,392,85.20%,331,389,85.09%,"1,004","1,179",85.16%,339.0,398.0
 NT327 , NORTH WEST ,SPIRE MANCHESTER HOSPITAL,141,141,100.00%,129,129,100.00%,149,149,100.00%,419,419,100.00%,141.0,141.0
 NT350 , NORTH EAST AND YORKSHIRE ,SPIRE METHLEY PARK HOSPITAL,198,208,95.19%,241,253,95.26%,212,223,95.07%,651,684,95.18%,198.0,208.0
 NT364 , SOUTH EAST ,SPIRE MONTEFIORE HOSPITAL,232,244,95.08%,222,233,95.28%,162,170,95.29%,616,647,95.21%,232.0,244.0
 NT325 , NORTH WEST ,SPIRE MURRAYFIELD HOSPITAL,176,176,100.00%,161,161,100.00%,198,198,100.00%,535,535,100.00%,176.0,176.0
 NT318 , EAST OF ENGLAND ,SPIRE NORWICH HOSPITAL,151,167,90.42%,168,186,90.32%,159,176,90.34%,478,529,90.36%,151.0,167.0
 NT30A , MIDLANDS ,SPIRE NOTTINGHAM HOSPITAL,42,42,100.00%,64,64,100.00%,78,78,100.00%,184,184,100.00%,42.0,42.0
 NT320 , MIDLANDS ,SPIRE PARKWAY HOSPITAL,173,182,95.05%,185,194,95.36%,190,199,95.48%,548,575,95.30%,173.0,182.0
 NT305 , SOUTH EAST ,SPIRE PORTSMOUTH HOSPITAL,102,102,100.00%,115,115,100.00%,78,78,100.00%,295,295,100.00%,102.0,102.0
 NT339 , NORTH WEST ,SPIRE REGENCY HOSPITAL,149,149,100.00%,163,163,100.00%,163,163,100.00%,475,475,100.00%,149.0,149.0
 NT301 , MIDLANDS ,SPIRE SOUTH BANK HOSPITAL,175,175,100.00%,163,163,100.00%,170,170,100.00%,508,508,100.00%,175.0,175.0
 NT304 , SOUTH EAST ,SPIRE SOUTHAMPTON HOSPITAL,82,91,90.11%,90,99,90.91%,63,70,90.00%,235,260,90.38%,82.0,91.0
 NT3X3 , LONDON ,SPIRE ST ANTHONY'S HOSPITAL,26,26,100.00%,31,31,100.00%,22,22,100.00%,79,79,100.00%,26.0,26.0
 NT309 , SOUTH EAST ,SPIRE SUSSEX HOSPITAL,95,95,100.00%,99,99,100.00%,93,93,100.00%,287,287,100.00%,95.0,95.0
 NT343 , SOUTH EAST ,SPIRE THAMES VALLEY HOSPITAL,13,13,100.00%,13,13,100.00%,12,12,100.00%,38,38,100.00%,13.0,13.0
 NT310 , SOUTH EAST ,SPIRE TUNBRIDGE WELLS HOSPITAL,64,64,100.00%,62,62,100.00%,54,54,100.00%,180,180,100.00%,64.0,64.0
 NT333 , NORTH EAST AND YORKSHIRE ,SPIRE WASHINGTON HOSPITAL,327,344,95.06%,428,450,95.11%,308,324,95.06%,"1,063","1,118",95.08%,327.0,344.0
 NT313 , EAST OF ENGLAND ,SPIRE WELLESLEY HOSPITAL,409,430,95.12%,449,472,95.13%,402,423,95.04%,"1,26","1,325",95.09%,409.0,430.0
 NVC18 , EAST OF ENGLAND ,SPRINGFIELD HOSPITAL,500,557,89.77%,513,551,93.10%,477,507,94.08%,"1,49","1,615",92.26%,500.0,557.0
 NTPAD , SOUTH EAST ,ST MARY'S NHS TREATMENT CENTRE,877,878,99.89%,996,"1,001",99.50%,891,892,99.89%,"2,764","2,771",99.75%,877.0,878.0
 NVC0R , NORTH EAST AND YORKSHIRE ,TEES VALLEY HOSPITAL,628,661,95.01%,660,662,99.70%,711,717,99.16%,"1,999","2,04",97.99%,628.0,661.0
 NVC02 , SOUTH EAST ,THE BERKSHIRE INDEPENDENT HOSPITAL,208,218,95.41%,196,203,96.55%,218,218,100.00%,622,639,97.34%,208.0,218.0
 NXM01 , SOUTH EAST ,THE HORDER CENTRE - ST JOHNS ROAD,282,286,98.60%,349,356,98.03%,259,263,98.48%,890,905,98.34%,282.0,286.0
 NVC44 , MIDLANDS ,THE WESTBOURNE CENTRE,138,148,93.24%,145,160,90.63%,163,168,97.02%,446,476,93.70%,138.0,148.0
 NVC20 , NORTH EAST AND YORKSHIRE ,THE YORKSHIRE CLINIC,"1,047","1,077",97.21%,"1,11","1,113",99.73%,995,997,99.80%,"3,152","3,187",98.90%,1047.0,1077.0
 NVC21 , MIDLANDS ,WEST MIDLANDS HOSPITAL,399,408,97.79%,413,425,97.18%,419,432,96.99%,"1,231","1,265",97.31%,399.0,408.0
 NTP16 , SOUTH EAST ,WILL ADAMS NHS TREATMENT CENTRE,494,501,98.60%,439,444,98.87%,599,603,99.34%,"1,532","1,548",98.97%,494.0,501.0
 NVC22 , SOUTH WEST ,WINFIELD HOSPITAL,265,268,98.88%,236,238,99.16%,222,224,99.11%,723,730,99.04%,265.0,268.0
 NVC23 , MIDLANDS ,WOODLAND HOSPITAL,803,835,96.17%,864,884,97.74%,810,834,97.12%,"2,477","2,553",97.02%,803.0,835.0
 NVC40 , MIDLANDS ,WOODTHORPE HOSPITAL,485,561,86.45%,475,581,81.76%,538,608,88.49%,"1,498","1,75",85.60%,485.0,561.0
TOTAL,,,"37,059","38,01",97.50%,"38,992","39,864",97.81%,"37,865","38,726",97.78%,"113,916","116,6",97.70%,37059.0,3801.0
